a_idm,b_idm,T,epsilon,zeta,gamma,h_eq_m,y_eq_m,spectral_abscissa,lambda_min_P,lyapunov_residual,probe_final_ratio
1.0,1.5,1.5,0.1,1.0,0.56,29.037797402701322,3.5,-0.14309043186509174,0.37155151048652985,4.8935948188418684e-15,0.0007394868868826243
0.8,1.2,1.2,0.08,0.8,0.448,23.652605884382165,3.5,-0.10712524650429134,0.36372080339435625,4.8910769727866e-15,0.07304547301449704
1.2,1.8,1.8,0.12,1.2,0.672,34.422988921020476,3.5,-0.21030987822110744,0.369250621865527,5.791749804720839e-15,0.09695874230537133
0.8,1.5,1.5,0.1,1.0,0.56,29.037797402701322,3.5,-0.12203392487853648,0.37155151048652985,1.3135763746218875e-15,0.007658421954174242
1.2,1.5,1.5,0.1,1.0,0.56,29.037797402701322,3.5,-0.1682888821504691,0.37155151048652985,2.158671493603439e-15,0.010108633701326294
1.0,1.2,1.5,0.1,1.0,0.56,29.037797402701322,3.5,-0.12203392487853648,0.37155151048652985,1.3135763746218875e-15,0.007658421954174242
1.0,1.8,1.5,0.1,1.0,0.56,29.037797402701322,3.5,-0.1682888821504691,0.37155151048652985,2.158671493603439e-15,0.010108633701326294
1.0,1.5,1.2,0.1,1.0,0.56,23.652605884382165,3.5,-0.14198136618622992,0.37155151048652985,3.681769887751981e-15,0.009709680012021897
1.0,1.5,1.8,0.1,1.0,0.56,34.422988921020476,3.5,-0.1444597391754684,0.37155151048652985,2.622913869878853e-15,0.02010049218748433
1.0,1.5,1.5,0.08,1.0,0.56,29.037797402701322,3.5,-0.14309043186509174,0.37155151048652985,4.8935948188418684e-15,0.0007394868868826243
1.0,1.5,1.5,0.12,1.0,0.56,29.037797402701322,3.5,-0.14309043186509174,0.37155151048652985,4.8935948188418684e-15,0.0007394868868826243
1.0,1.5,1.5,0.1,0.8,0.56,29.037797402701322,3.5,-0.14309043186509174,0.3848094177186182,4.8935948188418684e-15,0.0006959917412692052
1.0,1.5,1.5,0.1,1.2,0.56,29.037797402701322,3.5,-0.14309043186509174,0.36211714091970304,4.8935948188418684e-15,0.027927533525714983
1.0,1.5,1.5,0.1,1.0,0.448,29.037797402701322,3.5,-0.14309043186509174,0.38359804820675325,4.8935948188418684e-15,0.001013877202090773
1.0,1.5,1.5,0.1,1.0,0.672,29.037797402701322,3.5,-0.14309043186509174,0.37860735542095847,4.8935948188418684e-15,0.0008802683296051705
1.0,1.4,1.32,0.08571428571428572,0.8363636363636364,0.4652307692307692,25.806682491709832,3.5,-0.13552727448091617,0.389541872153,3.795976244288276e-15,0.007505448564358864
0.9,1.6,1.44,0.09142857142857143,0.8727272727272728,0.4824615384615385,27.960759099037492,3.5,-0.13852645696696586,0.38607319291011327,7.13053875918572e-15,0.001145680700654874
1.1,1.2666666666666666,1.56,0.09714285714285714,0.9090909090909091,0.4996923076923077,30.114835706365152,3.5,-0.13541276350594067,0.38141733299282093,7.8960971892318e-15,0.0006047011817057409
0.8500000000000001,1.4666666666666668,1.6800000000000002,0.10285714285714286,0.9454545454545454,0.5169230769230769,32.268912313692816,3.5,-0.12499520300690126,0.3772600433285427,7.203544005407128e-15,0.0006073577144529661
1.05,1.6666666666666665,1.224,0.10857142857142857,0.9818181818181818,0.5341538461538462,24.0834212058477,3.5,-0.15981648741989063,0.37366218763930403,1.477429811222485e-15,0.00116440433519927
0.95,1.3333333333333333,1.344,0.11428571428571428,1.018181818181818,0.5513846153846154,26.237497813175363,3.5,-0.12663887747337443,0.3706681720436218,3.569810773338385e-15,0.013690562869494997
1.15,1.5333333333333332,1.464,0.08081632653061224,1.0545454545454545,0.5686153846153846,28.391574420503023,3.5,-0.1642086009304743,0.36830594387097937,6.0520825509564274e-15,0.005820816220827108
0.8250000000000001,1.7333333333333334,1.584,0.08653061224489796,1.0909090909090908,0.5858461538461539,30.545651027830687,3.5,-0.1381432516319126,0.3665879870425822,7.32390473858438e-15,0.00228352803448664
1.025,1.222222222222222,1.7040000000000002,0.09224489795918367,1.1272727272727272,0.6030769230769231,32.699727635158354,3.5,-0.12540077782565584,0.3655130346196872,2.1612355524741013e-15,0.004877545165409056
0.925,1.4222222222222223,1.248,0.09795918367346938,1.1636363636363636,0.6203076923076923,24.514236527313233,3.5,-0.12987645418865967,0.36506819061844525,4.235768037404763e-15,0.026497577497259325
1.125,1.6222222222222222,1.3679999999999999,0.1036734693877551,0.803305785123967,0.6375384615384616,26.66831313464089,3.5,-0.16805014056993306,0.387627016769215,4.266730938059163e-15,0.0029301993771357047
0.875,1.2888888888888888,1.488,0.10938775510204081,0.8396694214876034,0.6547692307692308,28.822389741968554,3.5,-0.11725224682272528,0.387032701311238,1.9463204687476363e-15,0.014734068931184324
1.075,1.488888888888889,1.608,0.11510204081632652,0.8760330578512396,0.44932544378698225,30.97646634929622,3.5,-0.15171420140152192,0.39137231635366065,8.56527889196449e-15,0.009136709063565568
0.975,1.6888888888888889,1.7280000000000002,0.0816326530612245,0.912396694214876,0.4665562130177515,33.130542956623884,3.5,-0.1570947605883814,0.38583616959950345,8.146138061581828e-15,0.025080919076119382
1.1749999999999998,1.3555555555555556,1.272,0.0873469387755102,0.9487603305785124,0.48378698224852074,24.945051848778764,3.5,-0.14872020743456116,0.3807800218500378,3.935738732955255e-15,0.002766818674349193
0.8125,1.5555555555555556,1.392,0.09306122448979592,0.9851239669421488,0.50101775147929,27.099128456106424,3.5,-0.126422073332073,0.37627693539790485,2.236559317250242e-15,0.01065501513800479
1.0125,1.7555555555555555,1.512,0.09877551020408162,1.0214876033057851,0.5182485207100592,29.253205063434088,3.5,-0.16635283016163127,0.3723815293985848,5.087731823068708e-15,0.009879486181923509
0.9125,1.2444444444444445,1.6320000000000001,0.10448979591836735,1.0578512396694215,0.5354792899408284,31.407281670761755,3.5,-0.11745084068566741,0.3691299862833603,7.809456088732015e-15,0.004312464837910159
1.1125,1.4444444444444444,1.7520000000000002,0.11020408163265305,1.094214876033058,0.5527100591715977,33.561358278089415,3.5,-0.15360366990514096,0.366541263404071,7.157843025912585e-15,0.023582367855552042
0.8625,1.6444444444444444,1.296,0.11591836734693878,1.1305785123966943,0.5699408284023669,25.375867170244298,3.5,-0.1367278041122444,0.3646191351194978,7.131174124224059e-15,0.011711298570424578
1.0625,1.3111111111111111,1.416,0.08244897959183674,1.1669421487603306,0.5871715976331362,27.529943777571958,3.5,-0.13518674018033372,0.36335467724531434,7.219872050721441e-15,0.01537788223407456
0.9625,1.511111111111111,1.536,0.08816326530612245,0.806611570247934,0.6044023668639054,29.684020384899622,3.5,-0.13982746642235727,0.3850886341611636,3.716886389485893e-15,0.0007177088887803631
1.1625,1.711111111111111,1.6560000000000001,0.09387755102040816,0.8429752066115703,0.6216331360946746,31.838096992227282,3.5,-0.20095979587321972,0.3837326880501086,9.219070358589139e-15,0.045323001729609964
0.8375,1.3777777777777778,1.7760000000000002,0.09959183673469388,0.8793388429752067,0.6388639053254439,33.99217359955495,3.5,-0.11838371169134654,0.382702386889937,7.260254145959628e-15,0.0005255453223743052
1.0375,1.5777777777777777,1.2047999999999999,0.10530612244897959,0.915702479338843,0.6560946745562131,23.738768948675272,3.5,-0.15141009204966227,0.3820477043710882,2.3677447617780763e-15,0.004234419766425402
0.9375,1.7777777777777777,1.3248,0.1110204081632653,0.9520661157024793,0.4506508875739645,25.892845556002936,3.5,-0.15454825813241957,0.38607566195067833,1.9910375177488716e-15,0.0007527449933996441
1.1375,1.2074074074074073,1.4448,0.116734693877551,0.9884297520661157,0.46788165680473376,28.0469221633306,3.5,-0.13385951861540146,0.38068188766125555,4.16257238606949e-15,0.002642881699156586
0.8875000000000001,1.4074074074074074,1.5648,0.08326530612244898,1.024793388429752,0.485112426035503,30.200998770658256,3.5,-0.12527726854327526,0.3758807559806342,6.07207198417221e-15,0.002266979509865422
1.0875,1.6074074074074074,1.6848,0.08897959183673469,1.0611570247933884,0.5023431952662722,32.35507537798592,3.5,-0.16672948512025343,0.3717198821288568,8.98758101801835e-15,0.026142066199265037
0.9875,1.2740740740740741,1.2288,0.0946938775510204,1.0975206611570247,0.5195739644970414,24.169584270140803,3.5,-0.12616380729081433,0.36822750984323055,3.846479412162316e-15,0.024518137156142414
1.1875,1.474074074074074,1.3488,0.10040816326530612,1.133884297520661,0.5368047337278107,26.32366087746847,3.5,-0.16141098907337426,0.36541479869405913,7.622965245893499e-15,0.006162170841838343
0.80625,1.674074074074074,1.4687999999999999,0.10612244897959183,1.1702479338842975,0.55403550295858,28.47773748479613,3.5,-0.13223521314255238,0.36327865782891305,2.9788355835444417e-15,0.015988892199746217
1.00625,1.3407407407407408,1.5888,0.11183673469387755,0.8099173553719009,0.5712662721893491,30.63181409212379,3.5,-0.1322658345944716,0.38407784169585263,7.928955405544101e-15,0.00042484377410282877
0.90625,1.5407407407407407,1.7088,0.11755102040816326,0.8462809917355372,0.5884970414201184,32.78589069945146,3.5,-0.13586910437046762,0.3818932206808265,9.128402472561015e-15,0.005292656760966968
1.10625,1.740740740740741,1.2528,0.08408163265306122,0.8826446280991735,0.6057278106508877,24.600399591606337,3.5,-0.1745221221463985,0.38007025221479696,2.568895410686677e-15,0.0010317263179241841
0.8562500000000001,1.2296296296296296,1.3728,0.08979591836734693,0.9190082644628099,0.6229585798816568,26.754476198934004,3.5,-0.112630371791404,0.3786623694619357,3.647106589657776e-15,0.03497856899634752
1.05625,1.4296296296296296,1.4928,0.09551020408163265,0.9553719008264463,0.6401893491124261,28.90855280626166,3.5,-0.14381271484692015,0.37771383251988144,7.313204552330219e-15,0.000888940435624951
0.95625,1.6296296296296298,1.6128,0.10122448979591836,0.9917355371900827,0.6574201183431954,31.062629413589324,3.5,-0.14823649553348395,0.3772578678858735,1.5793879040549628e-15,0.007092414631884115
1.15625,1.2962962962962963,1.7328000000000001,0.10693877551020407,1.028099173553719,0.4519763313609468,33.21670602091699,3.5,-0.14402979972119728,0.381178788185649,7.689392957720838e-15,0.012943828679633675
0.83125,1.4962962962962962,1.2768,0.11265306122448979,1.0644628099173554,0.469207100591716,25.03121491307187,3.5,-0.12519596723746385,0.3761151157646469,7.905785413728745e-15,0.02091294411682154
1.03125,1.6962962962962962,1.3968,0.11836734693877551,1.1008264462809918,0.4864378698224852,27.18529152039953,3.5,-0.16197177359374104,0.3717086336025161,7.683737942010015e-15,0.0032733388176839034
0.93125,1.362962962962963,1.5168,0.08489795918367347,1.1371900826446282,0.5036686390532544,29.339368127727194,3.5,-0.12669806197075795,0.36798090424993185,1.1206852796876607e-15,0.00800236950268954
1.13125,1.5629629629629629,1.6368,0.09061224489795919,1.1735537190082646,0.5208994082840237,31.493444735054858,3.5,-0.16787661050170433,0.3649371902849479,3.371121826006756e-15,0.03408396863941653
0.8812500000000001,1.762962962962963,1.7568000000000001,0.0963265306122449,0.8132231404958679,0.5381301775147929,33.64752134238252,3.5,-0.14882667188666104,0.3847112874787267,3.674394303062071e-15,0.02076363038017183
1.08125,1.2518518518518518,1.3008,0.10204081632653061,0.8495867768595041,0.5553609467455621,25.4620302345374,3.5,-0.13239461953455867,0.3816492881964015,1.573358051090449e-15,0.011486059940192804
0.98125,1.4518518518518517,1.4208,0.10775510204081633,0.8859504132231405,0.5725917159763314,27.616106841865065,3.5,-0.13739786522288755,0.3789750826613766,6.023579830891696e-15,0.0019181421565821
1.18125,1.651851851851852,1.5408,0.11346938775510204,0.9223140495867769,0.5898224852071006,29.77018344919273,3.5,-0.18668448752988676,0.37674742550870727,2.8186210696998533e-15,0.023827371943502006
0.8187500000000001,1.3185185185185184,1.6608,0.11918367346938774,0.9586776859504132,0.6070532544378698,31.924260056520392,3.5,-0.1136127955586701,0.3750145932337139,4.7170752382942e-15,0.006484779589378783
1.01875,1.5185185185185186,1.7808000000000002,0.08011661807580175,0.9950413223140496,0.6242840236686391,34.07833666384805,3.5,-0.1484150099113135,0.37381270981397163,7.71105442384903e-15,0.022122702973015235
0.91875,1.7185185185185183,1.2096,0.08583090379008747,1.031404958677686,0.6415147928994083,23.824932012968382,3.5,-0.14738932184350095,0.373164850059148,3.6672581279287785e-15,0.005578300983009544
1.11875,1.385185185185185,1.3296,0.09154518950437318,1.0677685950413223,0.6587455621301775,25.97900862029604,3.5,-0.1459562166949009,0.373080955894279,1.4906498510691023e-15,0.0017616916620376204
0.86875,1.5851851851851853,1.4496,0.0972594752186589,1.1041322314049586,0.453301775147929,28.133085227623702,3.5,-0.13412195537433397,0.37700573376318386,1.503880210426849e-15,0.0028895295140061155
1.06875,1.7851851851851852,1.5696,0.10297376093294461,1.140495867768595,0.47053254437869824,30.28716183495137,3.5,-0.18219755283612266,0.3723626915778399,1.2522567527179115e-15,0.026194496604151164
0.96875,1.2148148148148148,1.6896,0.10868804664723031,1.1768595041322314,0.48776331360946745,32.44123844227902,3.5,-0.12014092094825657,0.3683959692475382,2.615573394321512e-15,0.015035071193161074
1.16875,1.4148148148148147,1.2336,0.11440233236151603,0.8165289256198347,0.5049940828402367,24.255747334433913,3.5,-0.15281011213878726,0.3870630598862183,3.0438465400365584e-15,0.0025321571255141543
0.84375,1.6148148148148147,1.3536,0.080932944606414,0.8528925619834711,0.522224852071006,26.409823941761573,3.5,-0.13302997762629964,0.3830983106907773,5.4808489367143755e-15,0.007380126898750913
1.04375,1.2814814814814814,1.4736,0.08664723032069971,0.8892561983471075,0.5394556213017752,28.563900549089237,3.5,-0.13139529276460066,0.3795339887766309,2.8065031281265555e-15,0.0026341075231437845
0.94375,1.4814814814814814,1.5936000000000001,0.09236151603498542,0.9256198347107438,0.5566863905325444,30.7179771564169,3.5,-0.13581541197015035,0.37643646972995154,1.5390778086654913e-15,0.0010427837069464777
1.14375,1.6814814814814816,1.7136,0.09807580174927114,0.9619834710743802,0.5739171597633137,32.87205376374456,3.5,-0.19209338708291024,0.37386010229525474,2.85826041225114e-15,0.04819230366358576
0.89375,1.348148148148148,1.2576,0.10379008746355685,0.9983471074380166,0.5911479289940829,24.686562655899447,3.5,-0.12270323558504115,0.37184563625837425,4.527346250848989e-15,0.02736810706954044
1.09375,1.5481481481481483,1.3776,0.10950437317784256,1.034710743801653,0.6083786982248521,26.840639263227107,3.5,-0.15714059578102513,0.3704195650375183,5.623093927502446e-15,0.0008119664112269862
0.99375,1.748148148148148,1.4976,0.11521865889212828,1.0710743801652893,0.6256094674556214,28.994715870554767,3.5,-0.16237965639730034,0.36959435318199446,4.778950138048374e-15,0.007083737304645294
1.19375,1.237037037037037,1.6176,0.08174927113702624,1.1074380165289255,0.6428402366863906,31.148792477882427,3.5,-0.14177841714689376,0.36936940968480664,1.1153471332770213e-14,0.005264503128389206
0.8031250000000001,1.4370370370370371,1.7376,0.08746355685131195,1.143801652892562,0.6600710059171598,33.30286908521009,3.5,-0.11848264288507876,0.3697325961296769,2.071954960479151e-15,0.0064055164768529625
