left_mark,right_mark,lane_center,h_eq_m,y_eq_m,spectral_abscissa,lambda_min_P,lyapunov_residual,probe_final_ratio
1.75,5.25,3.5,29.037797402701322,3.5,-0.14309043186509174,0.37155151048652985,4.8935948188418684e-15,0.0007394868868826243
1.7,5.22,3.45,29.037797402701322,3.46,-0.14309043186509174,0.3711253659504796,4.8935948188418684e-15,0.0007170384496189716
1.8,5.28,3.55,29.037797402701322,3.54,-0.14309043186509174,0.3719945340690116,4.8935948188418684e-15,0.0007619823522010063
1.7,5.25,3.5,29.037797402701322,3.4749999999999996,-0.14309043186509174,0.370517832261789,4.8935948188418684e-15,0.0006876181669781499
1.8,5.25,3.5,29.037797402701322,3.5250000000000004,-0.14309043186509174,0.3726906577637628,4.8935948188418684e-15,0.0007927732754898771
1.75,5.22,3.5,29.037797402701322,3.4849999999999994,-0.14309043186509174,0.37222236768572575,4.8935948188418684e-15,0.0007727837429461762
1.75,5.28,3.5,29.037797402701322,3.5149999999999997,-0.14309043186509174,0.3709186290010765,4.8935948188418684e-15,0.0007063922112408353
1.75,5.25,3.45,29.037797402701322,3.5,-0.14309043186509174,0.37165686484938865,4.8935948188418684e-15,0.0007411833431491308
1.75,5.25,3.55,29.037797402701322,3.5,-0.14309043186509174,0.37165686484938865,4.8935948188418684e-15,0.0007411833431491308
1.75,5.24,3.47,29.037797402701322,3.495,-0.14309043186509174,0.3717961899595222,4.8935948188418684e-15,0.0007512433592558849
1.725,5.26,3.49,29.037797402701322,3.4924999999999997,-0.14309043186509174,0.3708041946472194,4.8935948188418684e-15,0.0007011568944460182
1.775,5.226666666666667,3.51,29.037797402701322,3.5008333333333335,-0.14309043186509174,0.3726299472070053,4.8935948188418684e-15,0.0007908525829459906
1.7125,5.246666666666667,3.53,29.037797402701322,3.4795833333333333,-0.14309043186509174,0.37092862807801374,4.8935948188418684e-15,0.0007034565233241576
1.7625,5.266666666666667,3.454,29.037797402701322,3.5145833333333334,-0.14309043186509174,0.37161585610587233,4.8935948188418684e-15,0.0007372128512496734
1.7375,5.233333333333333,3.474,29.037797402701322,3.4854166666666666,-0.14309043186509174,0.3716477243784752,4.8935948188418684e-15,0.0007443092727380125
1.7875,5.253333333333333,3.494,29.037797402701322,3.5204166666666667,-0.14309043186509174,0.3723356351057246,4.8935948188418684e-15,0.0007774334812818049
1.70625,5.273333333333333,3.514,29.037797402701322,3.489791666666667,-0.14309043186509174,0.37016612644358776,4.8935948188418684e-15,0.0006756303912193777
1.75625,5.222222222222222,3.534,29.037797402701322,3.4892361111111114,-0.14309043186509174,0.3723875099372023,4.8935948188418684e-15,0.0007782207242859038
1.73125,5.242222222222222,3.458,29.037797402701322,3.486736111111111,-0.14309043186509174,0.3713491669539285,4.8935948188418684e-15,0.0007275766706615119
1.78125,5.262222222222222,3.478,29.037797402701322,3.521736111111111,-0.14309043186509174,0.37204936832072194,4.8935948188418684e-15,0.0007621934111789135
1.71875,5.228888888888889,3.498,29.037797402701322,3.4738194444444446,-0.14309043186509174,0.3713569277321358,4.8935948188418684e-15,0.0007283607729884397
1.76875,5.248888888888889,3.518,29.037797402701322,3.5088194444444447,-0.14309043186509174,0.3719907957082264,4.8935948188418684e-15,0.0007618194122423538
1.74375,5.268888888888889,3.538,29.037797402701322,3.5063194444444443,-0.14309043186509174,0.3710542529328516,4.8935948188418684e-15,0.0007120084314937165
1.79375,5.235555555555555,3.462,29.037797402701322,3.514652777777777,-0.14309043186509174,0.37296842387979073,4.8935948188418684e-15,0.0008015326828445991
1.703125,5.2555555555555555,3.482,29.037797402701322,3.4793402777777773,-0.14309043186509174,0.370441583996843,4.8935948188418684e-15,0.0006853272051071995
1.753125,5.275555555555556,3.502,29.037797402701322,3.5143402777777784,-0.14309043186509174,0.37107584589319,4.8935948188418684e-15,0.0007144143721527459
1.728125,5.224444444444444,3.522,29.037797402701322,3.476284722222222,-0.14309043186509174,0.37171969148617684,4.8935948188418684e-15,0.0007450996472937726
1.778125,5.2444444444444445,3.542,29.037797402701322,3.5112847222222223,-0.14309043186509174,0.37233506538535743,4.8935948188418684e-15,0.0007771098052815495
1.715625,5.264444444444445,3.466,29.037797402701322,3.490034722222222,-0.14309043186509174,0.3705402545930155,4.8935948188418684e-15,0.0006885910312788355
1.765625,5.231111111111111,3.486,29.037797402701322,3.498368055555555,-0.14309043186509174,0.3723204905461154,4.8935948188418684e-15,0.0007774015088371357
1.740625,5.251111111111111,3.506,29.037797402701322,3.4958680555555555,-0.14309043186509174,0.3713291422484219,4.8935948188418684e-15,0.0007276532472693506
1.7906250000000001,5.271111111111111,3.526,29.037797402701322,3.5308680555555556,-0.14309043186509174,0.3719805548766743,4.8935948188418684e-15,0.0007613967959585075
1.7093749999999999,5.237777777777778,3.546,29.037797402701322,3.4735763888888886,-0.14309043186509174,0.3711640840536648,4.8935948188418684e-15,0.0007110927866613217
1.759375,5.257777777777778,3.4508,29.037797402701322,3.508576388888889,-0.14309043186509174,0.3717269207036946,4.8935948188418684e-15,0.0007435805365852015
1.734375,5.277777777777778,3.4708,29.037797402701322,3.5060763888888884,-0.14309043186509174,0.3706807957220185,4.8935948188418684e-15,0.0006937479688221939
1.784375,5.220740740740741,3.4908,29.037797402701322,3.502557870370371,-0.14309043186509174,0.3729827517548971,4.8935948188418684e-15,0.0008041913444097308
1.721875,5.2407407407407405,3.5108,29.037797402701322,3.4813078703703706,-0.14309043186509174,0.37118199702047816,4.8935948188418684e-15,0.0007187724549416239
1.771875,5.260740740740741,3.5307999999999997,29.037797402701322,3.5163078703703707,-0.14309043186509174,0.37180360771408905,4.8935948188418684e-15,0.0007522298433021514
1.746875,5.227407407407407,3.4548,29.037797402701322,3.487141203703703,-0.14309043186509174,0.3720225860297372,4.8935948188418684e-15,0.0007620650569662286
1.796875,5.247407407407407,3.4748,29.037797402701322,3.522141203703703,-0.14309043186509174,0.3727465619921017,4.8935948188418684e-15,0.000793430439161896
1.7015624999999999,5.267407407407408,3.4948,29.037797402701322,3.4844849537037037,-0.14309043186509174,0.3701710575412075,4.8935948188418684e-15,0.0006761296155190096
1.7515625,5.234074074074074,3.5148,29.037797402701322,3.4928182870370366,-0.14309043186509174,0.37195510520526803,4.8935948188418684e-15,0.0007594930209252963
1.7265625,5.254074074074074,3.5347999999999997,29.037797402701322,3.490318287037037,-0.14309043186509174,0.3710451318220151,4.8935948188418684e-15,0.0007100616422707023
1.7765625,5.274074074074075,3.4588,29.037797402701322,3.525318287037037,-0.14309043186509174,0.3717921251450329,4.8935948188418684e-15,0.0007453462801976458
1.7140625,5.222962962962963,3.4788,29.037797402701322,3.468512731481481,-0.14309043186509174,0.3713634060286331,4.8935948188418684e-15,0.0007294475475876337
1.7640625,5.242962962962963,3.4988,29.037797402701322,3.5035127314814813,-0.14309043186509174,0.372015627225183,4.8935948188418684e-15,0.0007631273908872849
1.7390625,5.2629629629629635,3.5188,29.037797402701322,3.501012731481482,-0.14309043186509174,0.37105154418704744,4.8935948188418684e-15,0.0007129225002379425
1.7890625,5.229629629629629,3.5387999999999997,29.037797402701322,3.5093460648148147,-0.14309043186509174,0.3729167018502384,4.8935948188418684e-15,0.0008012396399777857
1.7078125,5.24962962962963,3.4628,29.037797402701322,3.478721064814815,-0.14309043186509174,0.3706720252529919,4.8935948188418684e-15,0.000694687824320377
1.7578125,5.269629629629629,3.4828,29.037797402701322,3.5137210648148143,-0.14309043186509174,0.3713365060873377,4.8935948188418684e-15,0.0007267079074797159
1.7328125,5.236296296296296,3.5028,29.037797402701322,3.4845543981481484,-0.14309043186509174,0.3714899661250629,4.8935948188418684e-15,0.0007357475145236935
1.7828125,5.256296296296297,3.5228,29.037797402701322,3.5195543981481485,-0.14309043186509174,0.3721355588085026,4.8935948188418684e-15,0.000768953456750851
1.7203125,5.276296296296296,3.5427999999999997,29.037797402701322,3.4983043981481483,-0.14309043186509174,0.3704516801772318,4.8935948188418684e-15,0.0006835052569566025
1.7703125,5.225185185185185,3.4668,29.037797402701322,3.4977488425925927,-0.14309043186509174,0.3725939051266974,4.8935948188418684e-15,0.0007884566309830578
1.7453125,5.245185185185185,3.4868,29.037797402701322,3.4952488425925923,-0.14309043186509174,0.3715572848332432,4.8935948188418684e-15,0.0007396799481344253
1.7953125,5.265185185185185,3.5068,29.037797402701322,3.5302488425925924,-0.14309043186509174,0.3722388934177033,4.8935948188418684e-15,0.0007731473603009872
1.7046875,5.231851851851852,3.5267999999999997,29.037797402701322,3.468269675925926,-0.14309043186509174,0.371113510704886,4.8935948188418684e-15,0.0007113112056873317
1.7546875,5.2518518518518515,3.5467999999999997,29.037797402701322,3.5032696759259254,-0.14309043186509174,0.37169305787884643,4.8935948188418684e-15,0.0007440039694984478
1.7296875,5.271851851851852,3.4516,29.037797402701322,3.500769675925926,-0.14309043186509174,0.37075607601472016,4.8935948188418684e-15,0.0006955350859662393
1.7796875,5.238518518518519,3.4716,29.037797402701322,3.5091030092592597,-0.14309043186509174,0.3725231835277493,4.8935948188418684e-15,0.0007849530080914982
1.7171874999999999,5.258518518518518,3.4916,29.037797402701322,3.4878530092592595,-0.14309043186509174,0.3706720627407044,4.8935948188418684e-15,0.0006950138453167514
1.7671875,5.278518518518519,3.5116,29.037797402701322,3.5228530092592596,-0.14309043186509174,0.37131198824098344,4.8935948188418684e-15,0.0007267158802509289
1.7421875,5.221481481481481,3.5316,29.037797402701322,3.4818344907407406,-0.14309043186509174,0.37211028568895793,4.8935948188418684e-15,0.0007644303544875381
1.7921875,5.241481481481482,3.4556,29.037797402701322,3.5168344907407407,-0.14309043186509174,0.3728382843311377,4.8935948188418684e-15,0.0007956356231733747
1.7109375,5.261481481481481,3.4756,29.037797402701322,3.48620949074074,-0.14309043186509174,0.37048497418004894,4.8935948188418684e-15,0.0006869113300564448
1.7609375,5.228148148148148,3.4956,29.037797402701322,3.494542824074074,-0.14309043186509174,0.37227539978576973,4.8935948188418684e-15,0.0007755236752875469
1.7359375,5.2481481481481485,3.5156,29.037797402701322,3.4920428240740744,-0.14309043186509174,0.3713111458781446,4.8935948188418684e-15,0.0007260033827180202
1.7859375,5.268148148148148,3.5356,29.037797402701322,3.5270428240740737,-0.14309043186509174,0.3719444885305843,4.8935948188418684e-15,0.0007595372550046903
1.7234375,5.234814814814815,3.4596,29.037797402701322,3.479126157407407,-0.14309043186509174,0.37132172566794175,4.8935948188418684e-15,0.0007268294965078292
1.7734375,5.254814814814815,3.4796,29.037797402701322,3.514126157407407,-0.14309043186509174,0.3720100420345709,4.8935948188418684e-15,0.000761240295885362
1.7484375,5.274814814814815,3.4996,29.037797402701322,3.5116261574074077,-0.14309043186509174,0.3709917994352561,4.8935948188418684e-15,0.0007101608275567169
1.7984375000000001,5.223703703703704,3.5196,29.037797402701322,3.511070601851852,-0.14309043186509174,0.3732373397003699,4.8935948188418684e-15,0.0008125586937651396
1.70078125,5.243703703703703,3.5396,29.037797402701322,3.472242476851852,-0.14309043186509174,0.3708297118320365,4.8935948188418684e-15,0.0006959756909290448
